{
  "hash": "1b054491",
  "configHash": "e8ccfe49",
  "lockfileHash": "621d574a",
  "browserHash": "023a845d",
  "optimized": {
    "@angular/common/http": {
      "src": "../../../../../../node_modules/@angular/common/fesm2022/http.mjs",
      "file": "@angular_common_http.js",
      "fileHash": "e6cd0577",
      "needsInterop": false
    },
    "@angular/core": {
      "src": "../../../../../../node_modules/@angular/core/fesm2022/core.mjs",
      "file": "@angular_core.js",
      "fileHash": "06dbb6e5",
      "needsInterop": false
    },
    "@angular/forms": {
      "src": "../../../../../../node_modules/@angular/forms/fesm2022/forms.mjs",
      "file": "@angular_forms.js",
      "fileHash": "5fb1908b",
      "needsInterop": false
    },
    "@angular/platform-browser": {
      "src": "../../../../../../node_modules/@angular/platform-browser/fesm2022/platform-browser.mjs",
      "file": "@angular_platform-browser.js",
      "fileHash": "0424f7d0",
      "needsInterop": false
    },
    "@angular/platform-server": {
      "src": "../../../../../../node_modules/@angular/platform-server/fesm2022/platform-server.mjs",
      "file": "@angular_platform-server.js",
      "fileHash": "f222615c",
      "needsInterop": false
    },
    "@angular/router": {
      "src": "../../../../../../node_modules/@angular/router/fesm2022/router.mjs",
      "file": "@angular_router.js",
      "fileHash": "00d406ef",
      "needsInterop": false
    },
    "@angular/ssr": {
      "src": "../../../../../../node_modules/@angular/ssr/fesm2022/ssr.mjs",
      "file": "@angular_ssr.js",
      "fileHash": "b3a0bb0a",
      "needsInterop": false
    },
    "@angular/ssr/node": {
      "src": "../../../../../../node_modules/@angular/ssr/fesm2022/node.mjs",
      "file": "@angular_ssr_node.js",
      "fileHash": "6dee85de",
      "needsInterop": false
    },
    "express": {
      "src": "../../../../../../node_modules/express/index.js",
      "file": "express.js",
      "fileHash": "b8ecba62",
      "needsInterop": true
    },
    "@angular/common": {
      "src": "../../../../../../node_modules/@angular/common/fesm2022/common.mjs",
      "file": "@angular_common.js",
      "fileHash": "32b5de27",
      "needsInterop": false
    }
  },
  "chunks": {
    "xhr2-TXIMV6CV": {
      "file": "xhr2-TXIMV6CV.js"
    },
    "chunk-GTFZFXWA": {
      "file": "chunk-GTFZFXWA.js"
    },
    "chunk-7MMKJ34Y": {
      "file": "chunk-7MMKJ34Y.js"
    },
    "chunk-FQB7JBHF": {
      "file": "chunk-FQB7JBHF.js"
    },
    "chunk-NP4ARVCK": {
      "file": "chunk-NP4ARVCK.js"
    },
    "chunk-LKIEHLDH": {
      "file": "chunk-LKIEHLDH.js"
    },
    "chunk-ISLDYWGG": {
      "file": "chunk-ISLDYWGG.js"
    },
    "chunk-AWFF3HDW": {
      "file": "chunk-AWFF3HDW.js"
    },
    "chunk-AYIISLBR": {
      "file": "chunk-AYIISLBR.js"
    },
    "chunk-YHCV7DAQ": {
      "file": "chunk-YHCV7DAQ.js"
    }
  }
}