{
  "hash": "32cb3611",
  "configHash": "2de1a879",
  "lockfileHash": "621d574a",
  "browserHash": "3d9d2f19",
  "optimized": {
    "@angular/common": {
      "src": "../../../../../../node_modules/@angular/common/fesm2022/common.mjs",
      "file": "@angular_common.js",
      "fileHash": "4b16ef81",
      "needsInterop": false
    },
    "@angular/common/http": {
      "src": "../../../../../../node_modules/@angular/common/fesm2022/http.mjs",
      "file": "@angular_common_http.js",
      "fileHash": "35ba11bf",
      "needsInterop": false
    },
    "@angular/core": {
      "src": "../../../../../../node_modules/@angular/core/fesm2022/core.mjs",
      "file": "@angular_core.js",
      "fileHash": "cbfb8ba5",
      "needsInterop": false
    },
    "@angular/forms": {
      "src": "../../../../../../node_modules/@angular/forms/fesm2022/forms.mjs",
      "file": "@angular_forms.js",
      "fileHash": "3b0a93c2",
      "needsInterop": false
    },
    "@angular/platform-browser": {
      "src": "../../../../../../node_modules/@angular/platform-browser/fesm2022/platform-browser.mjs",
      "file": "@angular_platform-browser.js",
      "fileHash": "07d5b92c",
      "needsInterop": false
    },
    "@angular/router": {
      "src": "../../../../../../node_modules/@angular/router/fesm2022/router.mjs",
      "file": "@angular_router.js",
      "fileHash": "206a1b32",
      "needsInterop": false
    }
  },
  "chunks": {
    "chunk-B6JM5VBN": {
      "file": "chunk-B6JM5VBN.js"
    },
    "chunk-PC3O4WCS": {
      "file": "chunk-PC3O4WCS.js"
    },
    "chunk-3SOMDF3R": {
      "file": "chunk-3SOMDF3R.js"
    },
    "chunk-OD6FT464": {
      "file": "chunk-OD6FT464.js"
    },
    "chunk-BMMIBYAN": {
      "file": "chunk-BMMIBYAN.js"
    }
  }
}